{"_step": 378, "epco": 1892.25, "loss": 5285.3171875, "loss_rec": 4811.976220703125, "kld": 94.66819763183594, "_timestamp": 1641074893.8146458, "_runtime": 536.0599372386932}
