{"epco": 1484.8333333333335, "kld": 107.21751556396484, "_step": 445, "loss": 6683.7228515625, "loss_rec": 6147.63525390625, "_runtime": 460.36301946640015, "_timestamp": 1641069082.4802675}
