{"kld": 45.631704330444336, "loss": 1571.3869262695312, "_step": 599, "loss_rec": 1343.2283935546875, "epco": 1998.1666666666667, "max_w": 2.7651792049407957, "_runtime": 266.1071639060974, "_timestamp": 1641076883.9199364}
