{"epco": 902.25, "kld": 97.43364486694335, "_step": 180, "loss": 7964.514990234375, "loss_rec": 7477.346826171875, "_runtime": 214.74661254882812, "_timestamp": 1641072456.9364913}
