{"epco": 187.25, "_timestamp": 1641075317.0534496, "loss": 17197.69365234375, "loss_rec": 15415.52666015625, "kld": 356.43341674804685, "_runtime": 56.001646757125854, "_step": 37}
