{"epco": 9997.25, "kld": 107.96475601196289, "_step": 1999, "loss": 5565.795654296875, "loss_rec": 5025.971923828125, "_runtime": 2354.422196626663, "_timestamp": 1641071777.6839755}
