{"epco": 4797.25, "kld": 58.72669219970703, "_step": 959, "loss": 5962.23427734375, "loss_rec": 5668.600830078125, "_runtime": 1135.1760215759277, "_timestamp": 1641073605.0865552}
