{"_runtime": 8.928148746490479, "loss_rec": 2551.4152587890626, "_step": 18, "_timestamp": 1641076318.171404, "kld": 34.90602607727051, "loss": 2725.9453857421877, "epco": 61.5, "max_w": 1.0792346000671387}
