{"epco": 674.8333333333333, "kld": 97.65475311279297, "_step": 202, "loss": 13960.73544921875, "loss_rec": 13472.4615234375, "_runtime": 162.19815921783447, "_timestamp": 1641069275.1535785}
