{"epco": 2684.833333333333, "loss_rec": 1204.9397827148437, "loss": 1423.9718627929688, "_runtime": 340.12069487571716, "_timestamp": 1641075890.844348, "kld": 43.80641593933105, "_step": 805}
