{"epco": 497.25, "kld": 111.42448425292969, "_step": 99, "loss": 14383.61240234375, "loss_rec": 13826.4900390625, "_runtime": 118.65327024459839, "_timestamp": 1641069410.859227}
