{"_step": 89, "epco": 447.25, "loss": 13377.30859375, "loss_rec": 12695.92978515625, "kld": 136.27575607299804, "_timestamp": 1641074329.6904755, "_runtime": 129.39220094680786}
