{"epco": 607.25, "kld": 95.50953216552735, "_step": 121, "loss": 8891.4353515625, "loss_rec": 8413.88759765625, "_runtime": 225.54770517349243, "_timestamp": 1641072210.5404258}
