{"_step": 157, "epco": 787.25, "loss": 6408.44111328125, "loss_rec": 5943.011328125, "kld": 93.08597183227539, "_timestamp": 1641075139.5973465, "_runtime": 224.34761357307434}
